Title,Link
31+ Best Startup Books for Entrepreneurs to Read in 2020,https://www.cloudways.com/blog/best-startup-books-for-new-entrepreneurs/
The Best Books for Startup Founders And First-Time ... - Forbes,https://www.forbes.com/sites/rhettpower/2019/08/01/the-best-books-for-startup-founders-and-first-time-entrepreneurs/
The 9 Best Books Every Startup Founder Should Read ...,https://www.wisestamp.com/corporate/resources/wisestamp-knowledge-base/startups/the-9-best-books-every-startup-founder-should-read/
The Best Startup Books of All-Time (Updated for 2020),https://www.benzinga.com/money/best-startup-books/
Startup Books you should read in 2020 - Towards Data Science,https://towardsdatascience.com/startup-books-you-should-read-in-2020-ba8684000128
15 Best Startup Books You Should Read in 2020 - Fundera,https://www.fundera.com/blog/startup-books
Top-10 Books Every Startup Founder Should Read - Medium,https://medium.com/globalluxsoft/top-10-books-every-startup-founder-should-read-f4b78c07432
Which is the best startup book? - Quora,https://www.quora.com/Which-is-the-best-startup-book
18 Best New Startup Books To Read In 2020 - BookAuthority,https://bookauthority.org/books/new-startup-books
10 books about startups and entrepreneurship to read this ...,https://www.eu-startups.com/2019/08/10-books-about-startups-and-entrepreneurship-to-read-this-summer-holiday/
Top Startup Books - Ranking/List of the Best Books on ...,https://www.angelkings.com/top-startup-books/
"The four best startup books of 2019, according to founders ...",https://sifted.eu/articles/startup-books-of-the-year/
11 Books to Read for Startup Founders and Entrepreneurs ...,https://brainhub.eu/blog/11-books-to-read-for-startup-founders-and-entrepreneurs/
The 15 Best Startup Books Entrepreneurs Should Read in 2020,https://leanb2bbook.com/blog/15-books-b2b-entrepreneurs-need-read-customer-development/
The best startup books you shouldn't miss | TMS,https://tms-outsource.com/blog/posts/best-startup-books/
Top 10 Startup Entreprenuer Books | MBA ASAP,http://www.mba-asap.com/index.php/top-10-startup-entrepreneur-books/
Best Startup Books for Entrepreneurs to Read in 2020 - Scribbify,https://scribbify.com/blog/best-startup-books/
14 Must-Read Books for New Startup Hires | AllBusiness.com,https://www.allbusiness.com/14-must-read-books-new-startup-hires-20739-1.html
18 Best Startup Books (to Read in 2020) - UpJourney,https://upjourney.com/best-startup-books
Startup Reads: 11 Books Every Early-Stage Entrepreneur ...,https://www.techstars.com/content/entrepreneur-resources/startup-reads-11-books-every-early-stage-entrepreneur-read/
15 Must-Read Books for Web Startups | Inspirationfeed,https://inspirationfeed.com/best-startup-books/
Top 11 Best Free E-books for Startups | UserGuiding,https://userguiding.com/blog/startup-ebooks/
[Year in Review 2019] The top 10 books that entrepreneurs ...,https://yourstory.com/2019/12/top-10-books-2019-entrepreneurs-innovation-startups
19 Startup Books Every Founder Should Read | Startups.com,https://www.startups.com/library/expert-advice/19-startup-books-every-founder-should-have
30 Best Startup Books - Must Reads!,https://businessnamegenerator.com/30-best-startup-books/
The Lean Startup: How Today's Entrepreneurs ... - Amazon.fr,https://www.amazon.fr/Lean-Startup-Entrepreneurs-Continuous-Innovation/dp/0307887898
12 books you should read before starting a business ...,https://www.businessinsider.com/books-to-read-before-starting-a-business-2018-4
13 Best Books for Businesses and Startups | Groove Blog,https://www.groovehq.com/blog/best-business-books
Startups | Five Books Reader List,https://fivebooks.com/reader-list/startups-kyleschutter/
10 Essential Startup Books for SaaS Founders​ & CEOs,https://www.cobloom.com/blog/startup-books-for-saas-founders
20 Best Startup Books - Business Books Every Founder ...,https://microstartups.org/best-startup-books/
The 21 Best Digital Marketing Books for Startup ... - GrowthHit,https://growthhit.com/best-digital-marketing-books/
5 Best Books For Tech Startups Entrepreneurs and Founders ...,https://codetiburon.com/books-every-tech-startup-founder-should-read/
Top 6 Books for Tech Entrepreneurs - RocketSpace,https://www.rocketspace.com/tech-startups/top-6-books-for-tech-entrepreneurs
30 Books Every Entrepreneur Should Read : startups - Reddit,https://www.reddit.com/r/startups/comments/46w67d/30_books_every_entrepreneur_should_read/
Best Books on Startups: 7 Great Books On Startups and ...,https://www.mymillennialguide.com/must-read-start-up-books/
The Best Books About Startups - Ranker,https://www.ranker.com/list/best-books-about-startups/clark-benson
14 Best Startup Books Investors Recommend Entrepreneurs .,https://www.kayako.com/blog/best-startup-books/
Start-Up | Ce que nous pouvons encore apprendre de la ...,http://www.startup-book.com/fr/
13 Best Books for Startups - Runway East,https://runwayea.st/blog/13-best-books-for-startups/
Buy Culture.com: How the Best Startups Make it Happen Book ...,https://www.amazon.in/Culture-com-Best-Startups-Make-Happen/dp/0692962646
Buy the Book - The Lean Startup | The Movement That Is ...,http://theleanstartup.com/book
"6 must-read books for founders, CEOs and entrepreneurs",https://startupxplore.com/en/blog/got-time-hands-fill-6-technology-related-books/
50 Must-Read Books About Tech and Startup Culture | Book Riot,https://bookriot.com/2019/01/08/books-about-tech-and-startup-culture/
25 Tips to Make Sure Your Startup Doesn't Fail | Bplans,https://articles.bplans.com/be-the-25-percent-25-tips-to-make-your-startup-a-success/
21 Books About Starting a Business You Can't Afford Not to Read,https://blog.hubspot.com/sales/books-about-starting-a-business
Actionable 7-Step Guide to Start a Tech Company (With No Money ...,https://masschallenge.org/article/how-to-start-a-tech-company
The 7 Main Steps You Need to Take to Get Your Startup Off - Neil Patel,https://neilpatel.com/blog/get-startup-off-ground/
Upscale: the book - Learn what it takes to scale a startup ...,https://technation.io/upscale-the-book/
Traction Book Summary: How Any Startup Can Achieve ...,https://visme.co/blog/traction-book/
10 Best Marketing Books for Entrepreneurs Who Want to Grow ...,https://scottjeffrey.com/best-marketing-books/
Best Books for CIOs and Tech Leaders | CIO,https://www.cio.com/article/3521513/best-books-for-cios-on-business-innovation-and-leadership.html
10 Personal Finance Books Every Young Entrepreneur ...,https://businesscollective.com/10-personal-finance-books-every-young-entrepreneur-should-read/index.html
21 Books to Read Before Starting Your Online Business,https://www.shoutmeloud.com/books-read-starting-online-business.html
10 Must Read Books For Every Indian Entrepreneur,https://digest.myhq.in/best-entrepreneur-books-indian/
21 Great Books On Startups and Entrepreneurs (Read for ...,https://www.yodiz.com/blog/21-great-books-on-startups-and-entrepreneurs-read-for-2016/
Best Product Management Books for 2019 - Amplitude,https://amplitude.com/best-product-management-books
5 Books to Read Before Starting Your Business - Entrepreneur,https://www.entrepreneur.com/slideshow/299927
Entrepreneurship secrets - Business startup books - Business ...,https://entrepreneurshipsecrets.com/
5 Best SaaS Books Every Startup Leader Should Read | The ...,https://www.lightercapital.com/blog/5-books-every-saas-leader-read/
Top 10 Entrepreneur Books of All Time - Matt Morris,https://www.mattmorris.com/top-10-best-books-for-entrepreneurs/
What are the best books for startup growth hackers? | Inside ...,https://viral-loops.com/blog/what-are-the-best-books-for-startup-growth-hackers/
Best Books on Entrepreneurship for Startups to Read,https://kanguro.fi/blog/books-entrepreneurship-startups/
5 Inspirational Books for HR in Startups - Honeypot Blog,https://blog.honeypot.io/5-inspirational-books-for-hr-in-startups/
24 books on startups and entrepreneurs that I must read in 2016,https://www.techinasia.com/12-great-books-startups-entrepreneurs-read-2015
15 Best Entrepreneurs Books to Start Reading Now to Be ...,https://www.lifehack.org/813501/best-books-for-entrepreneurs
Best Digital Marketing Books 2019 for Startups and Mid-Size ...,https://www.brightedge.com/blog/best-digital-marketing-books/
Book Reviews Of The Best Startup Books For Entrepreneurs ...,http://kevinkauzlaric.com/category/startup-books/
15 Best Books About Recruitment To Read In 2018 [Updated ...,https://harver.com/blog/best-books-recruitment/
21 Books About Starting a Business You Can't Afford Not to ...,https://blog.hubspot.com/sales/books-about-starting-a-business
Software Startup Book – Software Startups Global Research ...,https://softwarestartups.org/software-startup-book/
Upstart! — Visual Identities for Start-ups and New Businesses ...,https://gestalten.com/products/upstart
10 Business Books Every Savvy Entrepreneur Should Read [+ ...,https://articles.bplans.com/10-savvy-business-books/
The books that inspired the world's top start-up investors | World ...,https://www.weforum.org/agenda/2017/02/books-reading-startup-investors/
The StartupCity book | StartupAmsterdam | I amsterdam,https://www.iamsterdam.com/en/business/startupamsterdam/initiatives/startupcity-the-book
85 Best Business Books in 2020 for Entrepreneurs to Read ...,https://www.ryrob.com/best-business-books/
10 Books About the Southeast Asian Startup Ecosystem ...,http://ambidextr.media/books-about-southeast-asia-startups/
Best Startup Books: Top 5 Must-Reads on Startups ... - YouTube,https://www.youtube.com/watch?v=HE7lgjGaYQA
This Year's 11 Must-Read Books for Entrepreneurs | Inc.com,https://www.inc.com/leigh-buchanan/best-business-books-entrepreneurs-2019.html
20 Must-Read Books for Founders of Product Startups,https://youteam.co.uk/blog/essential-resources-for-startup-founders/
30 Best Books for Aspiring Entrepreneurs | Lassonde ...,https://lassonde.utah.edu/30-best-books-for-aspiring-entrepreneurs/
Top 10 Best Digital Marketing Books 2020 for Startups and ...,https://techfee.com/digital-marketing-books/
Best StartUp Books - Small Business Trends,https://smallbiztrends.com/2011/12/best-startup-books.html
Our 6 Must Reads to Build a Brand That Breaks Through the ...,https://firstround.com/review/our-6-must-reads-to-build-a-brand-that-breaks-through-the-noise/
The 10 Best Branding Books for Startups - Aventive Studio,https://aventivestudio.com/the-10-best-branding-books-for-startups/
Best books for startups - SlideShare,https://fr.slideshare.net/adequatedeal/best-books-for-startups
Book recommendations/gift ideas for startups & entrepreneurs ...,https://campusfounders.de/2019/09/24/book-recommendations-gift-ideas-for-startups-entrepreneurs/
Best Entrepreneur Books: 70 That You Need to Read in 2018,https://www.junglescout.com/blog/best-entrepreneur-books-amazon-sellers-list/
4 Must-Read Books for Startup Founders Raising Capital,https://www.securedocs.com/blog/4-must-read-books-for-startup-founders-raising-capital
The Entrepreneurs' Reading List 2020: 15 Titles To Inspire ...,https://digital.com/blog/books-entrepreneurs/
Top Startup Books - A collection of must-read books for startup ...,https://www.producthunt.com/posts/top-startup-books
9 brilliant books you must read if you want to understand ...,https://www.israel21c.org/9-brilliant-books-about-israeli-innovation/
9 best books for entrepreneurs | The Independent,https://www.independent.co.uk/extras/indybest/books/non-fiction-books/best-books-for-entrepreneurs-2018-beginners-all-time-a8277266.html
Best Books for Starting an Online Business as Recommended ...,https://www.theceolibrary.com/collection/best-books-for-starting-an-online-business
The 10 Best Fintech Books To Have In Your Library | Fintech ...,https://fintechnews.sg/1023/fintech/the-10-best-fintech-books-to-have-in-your-library-top-fintech-books/
Startup Library - Y Combinator,https://www.ycombinator.com/resources/
Best business books: 11 books for women in business to read.,https://www.mamamia.com.au/best-business-books-lady-startups/
Delhivery books top spot at ET Startup Awards 2019 - ET Tech,https://tech.economictimes.indiatimes.com/news/startups/delhivery-books-top-spot-at-et-startup-awards-2019/70322461
10 Best Non profit Books To Level Up Your Nonprofit Strategy ...,https://donorbox.org/nonprofit-blog/best-nonprofit-books/
20 Business Books That'll Change Your Life in 2020 - Oberlo,https://www.oberlo.com/blog/business-books-thatll-change-life
Best Business Books 2019: Tech & innovation,https://www.strategy-business.com/article/Best-Business-Books-2019-Tech-and-innovation?gko=14883
Top 10 books for start up businesses | Markel Direct UK,https://www.markeluk.com/articles/top-10-books-for-start-up-businesses
33 Best Books for Entrepreneurs to Read in 2020,https://www.developgoodhabits.com/best-entrepreneur-books/
10 Books All Women in Tech Should Read,https://www.women-in-technology.com/wintec-blog/10-books-all-women-in-tech-should-read
Four Years in Startups | The New Yorker,https://www.newyorker.com/magazine/2019/09/30/four-years-in-startups
10 Life-Changing Books Every Side Hustler Needs to Read,https://startupnation.com/books/10-life-changing-books-side-hustler/
20 Best Books for Online Entrepreneurs | HostGator Blog,https://www.hostgator.com/blog/best-books-online-entrepreneurs/
5 Best Books for Young Entrepreneurs | Startup Grind,https://www.startupgrind.com/blog/5-best-books-for-young-entrepreneurs/
Best Books for Startup Entrepreneurs in 2019 [Free PDF] - App ...,https://www.appdisciple.com/best-books-startup-entrepreneurs/
22 Best Growth Hacking Books for Growth Hackers & Startup ...,https://growwithward.com/growth-hacking-books/
Top 30 Best Startup Books For Entrepreneurs to Read,https://influencedigest.com/business/30-best-startup-books-entrepreneurs-read/
5 Startups Working to Improve the E-Book Reading Experience,https://mashable.com/2012/12/26/e-book-startups/
Top 3 must read books for startups - Startupbootcamp,https://www.startupbootcamp.org/blog/2014/08/top-3-must-read-books-for-startups/
Top 22 Startup Books for Entrepreneurs & Small Business ...,https://startupsnofilter.com/resources/best-startup-books-entrepreneurs-small-business/
7 Business Books all European Entrepreneurs and Startups ...,https://getpenta.com/en/blog/seven-must-read-business-books/
14 Best Audiobooks for Busy Entrepreneurs - Business.com,https://www.business.com/articles/14-best-audiobooks-for-busy-entrepreneurs/
Best Books For Startups: The 5 Must Read Books | Black ...,https://blackexcellence.com/best-books-for-startups/
Books You Should Be Reading as a Startup Investor,https://microventures.com/books-reading-startup-investor
Best Startup Books to Read – Released in 2018 – Sweet ...,https://www.sweetstartups.com/start-ups/best-startup-books-to-read-released-in-2018/
Best Entrepreneurship Books For Better Business Skills - Blinkist,https://www.blinkist.com/magazine/posts/booklist-best-entrepreneurship-books
7 Best Books on Startups and Entrepreneurship in 2014,https://www.searchdecoder.com/6-best-books-startups-entrepreneurship-2014
31+ Best Startup Books For Entrepreneurs To Read In 2019 ...,http://www.tefwin.com/31-best-startup-books-for-entrepreneurs-to-read-in-2019/
20 All-Time Best Entrepreneur Books to Make Your Business ...,https://www.lifehack.org/articles/communication/20-must-read-books-for-young-entrepreneurs.html
15 Best Entrepreneurs Books to Start Reading Now to Be ...,https://www.lifehack.org/813501/best-books-for-entrepreneurs
Best Books for Entrepreneurs And Business Owners - Forbes,https://www.forbes.com/sites/quickerbettertech/2019/06/28/best-books-for-entrepreneurs-and-business-owners/
33 Best Books for Entrepreneurs to Read in 2020,https://www.developgoodhabits.com/best-entrepreneur-books/
The 35 Best Books for Entrepreneurs - Fundera,https://www.fundera.com/blog/best-books-for-entrepreneurs
85 Best Business Books in 2020 for Entrepreneurs to Read ...,https://www.ryrob.com/best-business-books/
Top 10 Entrepreneur Books of All Time - Matt Morris,https://www.mattmorris.com/top-10-best-books-for-entrepreneurs/
8 Best Entrepreneur Books of 2020,https://www.thebalancesmb.com/best-entrepreneur-books-4159875
19 Books to Read to Be Successful in 2019 - Entrepreneur,https://www.entrepreneur.com/article/325302
Books every entrepreneur should read to become a ...,https://www.businessinsider.com/best-books-for-entrepreneurs-to-read-2016-1
Best Entrepreneur Books: Amazon.com,https://www.amazon.com/slp/best-entrepreneur-books/8zetjck7uo266tn
Amazon Best Sellers: Best Entrepreneurship - Amazon.com,https://www.amazon.com/Best-Sellers-Books-Entrepreneurship/zgbs/books/2745
Top 15 Business Books Recommended by Today's Top ...,https://www.eofire.com/top-15-business-books-recommended-todays-top-entrepreneurs/
This Year's 11 Must-Read Books for Entrepreneurs | Inc.com,https://www.inc.com/leigh-buchanan/best-business-books-entrepreneurs-2019.html
The 25 Best Books for Entrepreneurs | Inc.com,https://www.inc.com/business-insider/best-books-for-entrepreneurs.html
10 Books Every Entrepreneur Should Read - Square,https://squareup.com/us/en/townsquare/10-books-every-entrepreneur-should-read
Top 10 Startup Entrepreneur Books - MBA ASAP,http://www.mba-asap.com/index.php/top-10-startup-entrepreneur-books/
20 Books Every Entrepreneur Should Read | Blog - Printful,https://www.printful.com/blog/best-entrepreneur-books/
5 Books Every Aspiring Entrepreneur Should Read - The Muse,https://www.themuse.com/advice/5-books-every-aspiring-entrepreneur-should-read
12 entrepreneur books to motivate and inspire - Ideas - WeWork,https://www.wework.com/ideas/best-entrepreneur-books
75+ Best Books for Entrepreneurs and Business Owners,https://www.99signals.com/best-books-for-entrepreneurs/
Business & Entrepreneur Books | Financial Mentor,https://financialmentor.com/free-stuff/best-books/business-entrepreneur-books
100 Timeless Business Books That Every Entrepreneur ...,https://accessally.com/blog/timeless-business-books/
31+ Best Startup Books for Entrepreneurs to Read in 2020,https://www.cloudways.com/blog/best-startup-books-for-new-entrepreneurs/
Entrepreneurship Books | 3 of the Best Entrepreneur Books ...,https://www.briantracy.com/blog/business-success/best-entrepreneur-books/
20 Books Every Aspiring Entrepreneur Needs To Read ...,https://inspirationfeed.com/best-entrepreneur-books/
Best Business Books For Entrepreneurs To Read In 2020,https://medium.com/@aafan/best-business-books-for-entrepreneurs-to-read-in-2020-4fb66ffd2993
The Best 37 Books For Entrepreneurs That Kick Serious Butt ...,https://www.goodfinancialcents.com/best-entrepreneur-books-for-inspiration/
The 12 Best Books for Entrepreneurs - MyDomaine,https://www.mydomaine.com/best-books-for-entrepreneurs
6 Must-Read Books For Any Entrepreneur On a Mission to ...,https://www.uschamber.com/co/good-company/growth-studio/6-must-read-books-for-any-entrepreneur-on-a-mission-to-change-the-world
21 of the Best Business Books for Entrepreneurs,https://rebekahradice.com/best-business-books-for-entrepreneurs/
What books should entrepreneurs read? - Quora,https://www.quora.com/What-books-should-entrepreneurs-read
10 Must Read Books For Every Indian Entrepreneur,https://digest.myhq.in/best-entrepreneur-books-indian/
Best Business Books: Voted On By 100 Top CEOs ... - Pinterest,https://www.pinterest.com/pin/173388654386832142/
Best Books for Entrepreneurs 2020 • With Reviews • Benzinga,https://www.benzinga.com/money/best-entrepreneur-books/
The Entrepreneurs' Reading List 2020: 15 Titles To Inspire ...,https://digital.com/blog/books-entrepreneurs/
Top 27 Books Every Entrepreneur Should Read – Jeff J Hunter,https://jeffjhunter.com/top-27-books-every-entrepreneur-read/
5 Must-Read Books for Entrepreneurs in 2020 - Influencive,https://www.influencive.com/5-must-read-books-for-entrepreneurs-in-2020/
9 best books for entrepreneurs | The Independent,https://www.independent.co.uk/extras/indybest/books/non-fiction-books/best-books-for-entrepreneurs-2018-beginners-all-time-a8277266.html
30 Best Books for Aspiring Entrepreneurs | Lassonde ...,https://lassonde.utah.edu/30-best-books-for-aspiring-entrepreneurs/
6 Best Books Every Entrepreneur Should Read - Mindler,https://www.mindler.com/blog/best-entrepreneur-books/
10 Best Entrepreneur Books Ever Written - ClickFunnels,https://www.clickfunnels.com/blog/10-best-entrepreneur-books/
The 15 Best Startup Books Entrepreneurs Should Read in 2020,https://leanb2bbook.com/blog/15-books-b2b-entrepreneurs-need-read-customer-development/
15 Books Every Entrepreneur Should Read in 2020,https://www.inacademy.eu/blog/15-books-every-entrepreneur-should-read/
"Best Entrepreneur Books Podcasts Resources - Oberlo",https://www.oberlo.com/ebooks/entrepreneur/entrepreneur-resources
Top business books that every startup founder and ...,https://siliconcanals.com/news/top-business-books-that-every-startup-founder-and-entrepreneur-should-read-in-2019/
Books for entrepreneurs that will help to build great companies,https://www.cleverism.com/toolbox/books-for-entrepreneurs/
10 Best Books for Business Owners to be Successful in 2020,https://www.techjockey.com/blog/best-books-to-read-for-business-owners-entrepreneurs
Best Entrepreneur Books 2020 – Top 5 Startup Books ...,https://incomebuddies.com/best-entrepreneur-books-reader-guide/
The 35 Best Books for Entrepreneurs - Fundera,https://www.fundera.com/blog/best-books-for-entrepreneurs
The 5 Books Every Entrepreneur Should Read | Inc.com,https://www.inc.com/ron-gibori/the-5-books-every-entrepreneur-should-read.html
10 Best Success Books You Need to Read to Be Great at Business,https://www.lifehack.org/articles/productivity/10-influential-business-books-you-need-read-successful.html
12 books that CEOs think you should read in 2019 - Fast Company,https://www.fastcompany.com/90288307/12-books-that-ceos-think-you-should-read-in-2019
"Best Entrepreneur Books, Podcasts, Resources - Oberlo",https://www.oberlo.com/ebooks/entrepreneur/entrepreneur-resources
Books for entrepreneurs that will help to build great companies,https://www.cleverism.com/toolbox/books-for-entrepreneurs/
10 Best Books for Business Owners to be Successful in 2020,https://www.techjockey.com/blog/best-books-to-read-for-business-owners-entrepreneurs
Top 5 Books Every Entrepreneur Must Read - YouTube,https://www.youtube.com/watch?v=wzayacqfaes
Best Entrepreneur Books 2020 – Top 5 Startup Books ...,https://incomebuddies.com/best-entrepreneur-books-reader-guide/
Best Entrepreneur Books: 60 Must Read Books For ...,https://taylorpearson.me/best-books-entrepreneurs/
30 Books You Must Read Before And As An Entrepreneur ...,https://startupmindset.com/30-books-you-must-read-before-and-as-an-entrepreneur/
12 Books Every Entrepreneur Should Read | Tauni Everett,https://taunieverett.com/best-business-books-for-entrepreneurs/
Best Entrepreneur Books: 70 That You Need to Read in 2018,https://www.junglescout.com/blog/best-entrepreneur-books-amazon-sellers-list/
Entrepreneur Books: Buy Entrepreneur Books Online at Best ...,https://www.amazon.in/slp/entrepreneur-books/vdf5gd6tu9mw7ux
The Best Business Books of 2020: 15 Books Entrepreneurs ...,https://bootstrappingecommerce.com/best-business-books/
10 Personal Finance Books Every Young Entrepreneur ...,https://businesscollective.com/10-personal-finance-books-every-young-entrepreneur-should-read/index.html
Books - Business & Entrepreneur - Pinterest,https://www.pinterest.fr/HabitChange/books-business-entrepreneur/
15 Best Books for Entrepreneurs You Should Start Reading ...,https://blog.toggl.com/best-books-for-entrepreneurs/
10 Timeless Books Every Entrepreneur Should Read - Darius ...,https://dariusforoux.com/10-timeless-books-for-every-entrepreneur/
Top 10 Entrepreneur Books Of All Time - Datapine,https://www.datapine.com/blog/best-entrepreneur-books/
20 Best Books for Online Entrepreneurs | HostGator Blog,https://www.hostgator.com/blog/best-books-online-entrepreneurs/
5 Best Books for Young Entrepreneurs | Startup Grind,https://www.startupgrind.com/blog/5-best-books-for-young-entrepreneurs/
10 must-read books for entrepreneurs - 99designs,https://99designs.com/blog/business/books-for-entrepreneurs/
5 Non-Business Books Every Entrepreneur Should Read,https://www.jeffbullas.com/non-business-books-for-entrepreneurs/
Startup Reads: 11 Books Every Early-Stage Entrepreneur ...,https://www.techstars.com/content/entrepreneur-resources/startup-reads-11-books-every-early-stage-entrepreneur-read/
Entrepreneuriship Is Best Learned Experientially: Why Most ...,http://johngreathouse.com/experience/
10 books about startups and entrepreneurship to read this ...,https://www.eu-startups.com/2019/08/10-books-about-startups-and-entrepreneurship-to-read-this-summer-holiday/
Top 10 Best Entrepreneur Books in 2020 Reviews – AmaPerfect,https://amaperfect.com/best-entrepreneur-books-reviews/
10 Best Business Books for Creative Entrepreneurs - Go ...,https://www.gorattlethestars.com/best-creative-business-books/
What are the best books on entrepreneurship in your opinion ...,https://www.reddit.com/r/Entrepreneur/comments/8toful/what_are_the_best_books_on_entrepreneurship_in/
The 8 Books Every Entrepreneur Should Read - Product Hunt,https://blog.producthunt.com/the-8-books-every-entrepreneur-should-read-273815b7a1ba
Entrepreneurship secrets - Business startup books - Business ...,https://entrepreneurshipsecrets.com/
101 Best Business Books of All Time - Hack the Entrepreneur,https://hacktheentrepreneur.com/best-business-books/
The 8 Best Books for Aspiring Entrepreneurs | Expert Market,https://www.expertmarket.com/focus/business/best-books-for-entrepreneurs
The 22 Best Books for Entrepreneurs + Bloggers - Root + Revel,https://rootandrevel.com/best-books-for-entrepreneurs-bloggers/
10 Books Worth Reading for Entrepreneurs - business.com ...,https://www.business.com/articles/10-books-worth-reading-for-entrepreneurs/
The 9 Best Books Every Startup Founder Should Read ...,https://www.wisestamp.com/corporate/resources/wisestamp-knowledge-base/startups/the-9-best-books-every-startup-founder-should-read/
4 Non-Business Books Every Entrepreneur Must Read,https://addicted2success.com/entrepreneur-profile/4-non-business-books-every-entrepreneur-must-read/
11 Books to Read for Startup Founders and Entrepreneurs ...,https://brainhub.eu/blog/11-books-to-read-for-startup-founders-and-entrepreneurs/
Books Every Entrepreneur Should Read - Grasshopper,https://grasshopper.com/resources/books-every-entrepreneur-should-read/
Becoming a Lifestyle Entrepreneur: 12 Books to Jumpstart ...,https://www.locationrebel.com/lifestyle-entrepreneur-books/
7 Books Every Entrepreneur NEEDS To Read - Wealthy Tools,http://wealthytools.com/books-for-entrepreneur/
6 Best Books to Inspire Entrepreneurship at Any Age ...,https://www.myretirementrehab.me/6-best-books-inspire-entrepreneurship-age/
20 Women Entrepreneur Books that Empowered & Inspired,https://www.theceolibrary.com/collection/women-entrepreneurs-books
Five Business Books Every Entrepreneur Should ... - Top 5 Lists,https://boldlist.net/5-business-books-every-entrepreneur-should-read-more-than-once.php
Books Every Entrepreneur Should Read In 2019 | Startup ...,https://www.startupstories.in/tips/books-every-entrepreneur-should-read-in-2019
10 Books Every Aspiring Entrepreneur Must Read - BW ...,http://www.businessworld.in/article/10-Books-Every-Aspiring-Entrepreneur-Must-Read/25-06-2018-152900
33 Books Every Entrepreneur Needs on Their Reading List ...,https://primepay.com/blog/33-books-every-entrepreneur-needs-their-reading-list-right-now
10 Books Every Aspiring Entrepreneur Should Read | The ...,https://webwriterspotlight.com/books-aspiring-entrepreneurs-should-read
10 books every entrepreneur should read in 2017 - Mashable,https://mashable.com/2017/05/16/10-books-every-entrepreneur-should-read-2017/
10 Favorite Business Books from Entrepreneurs,https://www.businessnewsdaily.com/7607-best-business-books.html
Entrepreneur Books to Kickstart Your Business | Alley,https://www.alley.com/post/must-read-entrepreneur-books-to-kickstart-your-business
Top 10 Books For Digital Marketers and Internet Entrepreneurs,https://www.milesbeckler.com/top-10-books-digital-marketers/
10 Business Books Every Savvy Entrepreneur Should Read [+ ...,https://articles.bplans.com/10-savvy-business-books/
10 Business Books Every Savvy Entrepreneur Should Read [+ ...,https://articles.bplans.com/10-savvy-business-books/
10 Books Every Entrepreneur Should Read in 2018,https://www.shethepeople.tv/news/books-entrepreneur-read-2018
Top 50 Books for Faith Driven Entrepreneurs — Faith Driven ...,https://www.faithdrivenentrepreneur.org/top-books-for-faith-driven-entrepreneurs
26 Awesome Books Every Entrepreneur Should Read ...,https://under30ceo.com/26-awesome-books-every-entrepreneur-should-read/
Bill Gates Recommends 9 Books a Better Entrepreneur ...,https://studiohoofddorp.nl/bill-gates-recommends-books-entrepreneur/
5 Classic Entrepreneur Books You Should Read to Develop ...,https://www.smallstarter.com/get-inspired/5-classic-entrepreneur-books-you-should-read/
47 Best management books for business leaders ...,https://entrepreneurhandbook.co.uk/best-management-books/
The Top 10 Best Business Books For Entrepreneurs | Wealthy ...,https://wealthygorilla.com/10-business-books-every-entrepreneur-needs-to-read/
Best Entrepreneur Books to Build a Hardware Company ...,http://makingsociety.com/2014/10/best-entrepreneur-books-hardware/
8 Favorite Books of Billionaire CEOs Every Entrepreneur ...,https://www.goalcast.com/2018/04/11/top-8-books-every-entrepreneur-should-read/
Top 10 Popular Economics Books That Every Entrepreneur ...,https://www.business2community.com/books/top-10-popular-economics-books-that-every-entrepreneur-will-love-0362648
100 Best Entrepreneurship Books of All Time - BookAuthority,https://bookauthority.org/books/best-entrepreneurship-books
Our Top 10 Books For Entrepreneurs - Life's Work Lab,https://www.lifesworklab.com/en/10-books-for-entrepreneurs/
Top 50 Christian Startup and Entrepreneur Books (36 books),https://www.goodreads.com/list/show/112474.Top_50_Christian_Startup_and_Entrepreneur_Books
10 Best Motivational Business Books for Entrepreneurs (2019),https://everydaypower.com/motivational-business-books-for-entrepreneurs/
17 Books Every Entrepreneur Should Read In 2019 - Minutes,https://minutes.co/22-books-every-entrepreneur-should-read-in-2019/
Best Entrepreneur Books - One Million In The Bank,http://onemillioninthebank.com/best-entrepreneur-books/
Entrepreneurship books to read in 2018 | Apiumhub,https://apiumhub.com/tech-blog-barcelona/entrepreneurship-books/
5 Best Entrepreneur Books to Read Before You Launch Your ...,https://usa.inquirer.net/19716/5-best-entrepreneur-books-to-read-before-you-launch-your-first-startup
20 Must Read Books For Every Entrepreneur - Inc42 Media,https://inc42.com/entrepreneurship/20-must-read-books-entrepreneur/
10 Business Books Every Entrepreneur Should Read in 2017 ...,https://fortune.com/2016/12/23/business-books-2017/
Top 5 Books Every Entrepreneur Should Read in 2020,https://getreviewtoday.com/top-5-books-every-entrepreneur-should-read/
Seven Books That Every Entrepreneur Should Read - AfroTech,https://afrotech.com/seven-books-that-every-entrepreneur-should-read
Top 6 Books Every Entrepreneur Should Read In 2015 | Lovin.ie,https://lovin.ie/entertainment/tech/top-6-books-every-entrepreneur-should-read-in-2015
Business Books: Top 5 Best Entrepreneur Biographies - CBS ...,https://www.cbsnews.com/news/business-books-top-5-best-entrepreneur-biographies/
10 Books Every Aspiring African Entrepreneur Should Read in ...,https://founder360mag.com/10-books-every-aspiring-african-entrepreneur-should-read-in-2018/
Top 5 Entrepreneurship Books Every Entrepreneur Should ...,https://wealthacademy.com/5-must-read-entrepreneurship-books/
Best Entrepreneur Books: 13 Top Business Writings To Read,https://moneyselfie.com/best-entrepreneur-books-business/
Top 10 Books That Every Entrepreneur NEEDS To Read ...,https://blog.goodaudience.com/top-10-books-that-every-entrepreneur-needs-to-read-a2cb166bf45e
10 Best Books Every Filipino Entrepreneur Must Read (2020),https://www.franchisemarket.ph/blog/10-best-books-for-filipino-entrepreneur
14 Best Startup Books Investors Recommend Entrepreneurs .,https://www.kayako.com/blog/best-startup-books/
Top 7 Books Every Entrepreneur Should Read - eoIndia,https://eoindia.com/top-7-books-every-entrepreneur-read/
13 Books Every Emerging Entrepreneur Should Read ...,https://namastream.com/blog/13-books-every-wellness-entrepreneur-read
The 73 Best Business Books for Entrepreneurs in 2016 - Zenefits,https://www.zenefits.com/workest/best-business-books-entrepreneurs-must-read-2016/
#20 Best entrepreneur books to read in 2018 (Must Read ...,https://foculty.com/entrepreneur-books/
25 books that every entrepreneur should read | Business Insider,https://www.businessinsider.com.au/best-books-for-entrepreneurs-to-read-2016-1
11 Books Every Entrepreneur Should Read This Summer ...,https://www.hiscox.com/blog/11-books-every-entrepreneur-should-read-summer
6 must read books for entrepreneurs + bloggers in 2018,https://katemckibbin.com/6-must-read-books-for-entrepreneurs/
Who needs an MBA? These five books will teach you how to ...,https://qz.com/53348/an-mba-alternative-five-books-to-teach-you-how-to-be-an-entrepreneur/
6 Business Books Every Entrepreneur Should Read | Kimberly ...,https://kimberlyannjimenez.com/2018/10/24/6-business-books-every-entrepreneur-should-read/
5 books that every entrepreneur will love for Christmas,https://www.wearenova.co.uk/nova-blog/5-books-that-entrepreneur-in-your-life-will-love-for-christmas
What to Read in 2018: 23 Entrepreneurship Books Written by ...,https://www.shopify.ca/blog/211226825-18-entrepreneur-books-by-women
6 Books Every Analytic Entrepreneur Should Read,https://georgianpartners.com/6-books-every-analytic-entrepreneur-should-read/
Best Business Books For Entrepreneurs,https://www.thinkentrepreneurship.com/best-business-books-for-entrepreneurs/
9 Books Every High School Entrepreneur Should Read,https://ingeniusprep.com/blog/high-school-entrepreneur-books/
28 Best Business Books for Entrepreneurs in 2019 | The Side ...,https://www.thesidehustleprofit.com/best-business-books/
List of Top 9 Best Entrepreneur Books of All Time You Must ...,https://www.wallstreetmojo.com/best-entrepreneur-books-of-all-time/
The 7 Books Every Entrepreneur Should Read > CEOWORLD ...,https://ceoworld.biz/2019/01/09/the-7-books-every-entrepreneur-should-read/
92 of the Best Books for Entrepreneurs to Read in 2018,https://startfiercebusiness.com/best-books-for-entrepreneurs/
Top 10 Best Business Books for Aspiring Entrepreneurs in 2019,http://www.stunningalways.com/top-10-must-read-best-business-entrepreneurs-books/
9 Books Every Aspiring Entrepreneur Should Read,https://www.careeraddict.com/entrepreneur-books
7 Best Entrepreneur Books To Read If You're Serious About ...,https://brobible.com/gear/article/best-new-entrepreneur-books/
50+ Books Every Entrepreneur Should Read In 2018,https://www.templatemonster.com/blog/50-books-for-entrepreneurs-2018/
Top 10 Books on Entrepreneurship Every Solopreneur Should ...,https://www.getresponse.com/blog/top-10-books-entrepreneurship-every-solopreneur-read-quotes
Best Business Books: The ULTIMATE Entrepreneur Book List,https://www.kreatology.com/best-business-books/
Top five business books that every entrepreneur should read,https://smallbusiness.co.uk/top-five-business-books-every-entrepreneur-read-2537150/
"The 25 Best Books for Entrepreneurs on Marketing Sales and ...",https://www.helpscout.com/blog/best-entrepreneur-books/
5 Books to Give the Entrepreneur in Your Life this ... - Volta,https://voltaeffect.com/5-books-entrepreneur-holiday/
The ultimate reading list: 50+ books that entrepreneurs should ...,https://yourstory.com/2015/08/reading-list-50-books-entrepreneur-startup
The Top 5 Books Every Aspiring Entrepreneur Needs to Read ...,https://www.zervant.com/en/news/the-top-5-books-every-aspiring-entrepreneur-needs-to-read/
20 Social Entrepreneur Books That Will Inspire You To Impact ...,https://www.causeartist.com/social_entrepreneur_books/
20 Books Every Creative Entrepreneur Should Read ...,http://www.newyorkstartupattorneys.com/articles/20-books-every-creative-entrepreneur-should-read
16 Entrepreneurial Books Successful CEOs Swear By - Small ...,https://smallbiztrends.com/2015/03/entrepreneurial-books-to-read.html
20 of the Best Business Books Every Entrepreneur Should ...,https://suitcaseentrepreneur.com/20-of-the-best-business-books-every-entrepreneur-should-read-in-2014/
Entrepreneurs - 8 Essential Books You Must Read | Why To ...,https://whytoread.com/entrepreneurship-books-for-entrepreneurs/
Best Books for Startup Entrepreneurs in 2019 [Free PDF] - App ...,https://www.appdisciple.com/best-books-startup-entrepreneurs/
15 Books Every Entrepreneur Should Read Today – Anthony ...,http://anthonyfrasier.com/2015/12/books-every-entrepreneur-should-read/
21 Great Books On Startups and Entrepreneurs (Read for ...,https://www.yodiz.com/blog/21-great-books-on-startups-and-entrepreneurs-read-for-2016/
Entrepreneurship 2019,https://prashantpratap.com/jjl7i/entrepreneurship-2019.html
23 Best Books For Entrepreneurs To Achieve Explosive Growth,https://explosive-growth.com/best-entrepreneur-books/
Books - Fortune Hunters,https://fortunehunters.com.au/home/tools/books/
The Entrepreneurial Engineer: How to Create Value from Ideas,https://books.google.fr/books?id=LRMQAQAAQBAJ&pg=PA10&lpg=PA10&dq=best+entrepreneur+books&source=bl&ots=D8-Od3J_wY&sig=ACfU3U0e6scpWWgFO2FaOzynMc0MJtdVWQ&hl=fr&sa=X&ved=2ahUKEwj-j7Cq4sznAhVBzYUKHXkcCjE4lgEQ6AEwJ3oECDIQAQ
Tools and Resources to Run Your Business - Billion Success,http://billionsuccess.com/tools-resources/
Top 12 books for startups and entrepreneurs | ZippyCrowd Blog,https://blog.zippycrowd.com/top-12-books-for-startups-and-entrepreneurs/